"prop_novel","prop_long","prop_multi_exon","prop_high_fold","prop_significant","prop_non_coding","prop_TSS","prop_polyA","prop_intergenic"
0.059191480328972,0.953720807345416,0.867264031217115,0.0587735968579754,0.093297858862283,0.392517286387224,0.430942520222025,0.282498633799573,0.00471056874585059
5.9191480328972,95.3720807345416,86.7264031217115,5.87735968579754,9.3297858862283,39.2517286387224,43.0942520222025,28.2498633799573,0.471056874585059
